,CO2,SF4_res,N2O,m_avg,y_avg,res_t
CO2,1.0,0.9889964852914332,0.9755428865383421,0.5379697744410353,0.45012965555149714,0.9762930680024117
SF4_res,0.9889964852914332,1.0,0.9853171532175331,0.5307885409462012,0.42302116554325947,0.9839744784863003
N2O,0.9755428865383421,0.9853171532175331,1.0,0.5035674811725132,0.4130667930223574,0.9716343340180245
m_avg,0.5379697744410353,0.5307885409462012,0.5035674811725132,1.0,0.12626071960610288,0.5211429845510396
y_avg,0.45012965555149714,0.42302116554325947,0.4130667930223574,0.12626071960610288,1.0,0.41968799707776494
res_t,0.9762930680024117,0.9839744784863003,0.9716343340180245,0.5211429845510396,0.41968799707776494,1.0
